,真实并发开销(ms),预测并发开销(ms)
0,31.410329845126608,30.118932545273964
1,18.67738071057799,20.949578890719216
2,34.62672095663253,35.079238870209544
3,28.499985104255828,31.017261685417072
4,5.578739219730682,5.959889764394367
5,39.073649362196726,36.58889314841134
6,30.923308675633415,29.884653844714645
7,31.870443600524244,31.81041436129472
8,6.868318041670744,7.9133635281853705
9,19.11466564003155,16.773278599116566
10,16.090324920838086,16.484886194377502
11,37.21706957624687,36.858318423740116
12,26.466874563065254,31.681973717486613
13,33.26494130429154,36.730752383896636
14,18.849739555438582,17.030117206437247
15,10.635071427821522,10.471074461022258
16,23.07422190660172,19.700938407230225
17,4.425055731958662,3.9042475146410585
18,33.449984535718116,33.47181631683096
19,26.003247166638463,28.355962774260654
20,30.807334123244207,28.66298297404606
21,15.471986788934998,14.259265281339095
22,38.88652492700633,33.21816281523097
23,35.938602610243514,34.783807454532536
24,31.578572888802952,28.662332538271762
25,9.396270898374768,8.761690613250668
26,19.7353981416273,17.81953452257724
27,3.6645430999146935,4.273938325563333
28,7.863000698566817,4.602848202653886
29,27.955860223213275,24.33056767219243
30,30.300961924497052,34.47025747473445
31,38.76536983249998,34.994771662072104
32,14.381363609249775,12.249367156187077
33,16.077468829325017,20.314805150165657
34,19.8431208284807,26.24211255938556
35,9.199911645202857,7.162469479526962
36,6.937017202747922,6.780018637676858
37,20.07678719658548,20.824370048825326
38,10.622555263933597,14.89456231842922
39,27.452931797935392,24.9091996354965
40,18.611772917148567,18.141573010218497
41,33.64177145019782,34.66982554502376
42,28.610073876085465,29.13605554610775
43,13.86993237251756,13.348892397185462
44,33.625872453017635,32.65016830843146
45,32.58104558487847,28.927222527220582
46,16.72417840314663,16.363987246245035
47,12.956467949349276,12.722592073862112
48,27.93482915104907,28.048861450674377
49,7.310594377153773,6.7233447768942485
50,9.596511694054115,11.154070858950716
51,2.2797662505382092,5.393752737214921
52,31.903126345081258,31.64991454869782
53,27.264332550497222,27.674980021450608
54,28.796284387800736,28.473411933082005
55,31.66770317883478,31.084503684694152
56,19.438799470456917,17.879431823139807
57,23.61216544620996,24.127844549580736
58,7.312285928850983,7.7326411158987565
59,6.352142794366991,11.63950593429595
60,27.399312548037923,30.49072770608156
61,19.901655833439037,20.75543545739139
62,23.478972046285175,21.62629758264243
63,31.069956581808974,28.069153514355005
64,26.11929616002245,28.43384584881683
65,23.036017225003842,23.462264659077352
66,23.249872108325714,24.14369399037097
67,13.550103726379263,10.034509368717075
68,3.171077713581697,6.05288848733061
69,18.59526079082977,19.66522249535988
70,10.15421756714211,8.203559183073153
71,17.524088461536174,16.610529462069476
72,34.42931678419031,34.28802879456514
73,10.88970046288295,11.460642396122537
74,4.215504184184509,4.361952366207461
75,12.69258789683587,12.830284312248962
76,13.156562795133977,12.94438442332213
77,27.15282755962201,27.130823708266337
78,23.167221788968575,26.24614304010509
79,31.788131946043713,25.552076778692673
80,27.243914532440726,26.360648223897385
81,17.442700734722678,17.958893025005924
82,32.93277461730932,32.937322663755474
83,8.344970956492748,8.109510329761273
84,2.863058779086698,0.0
85,5.421818709474387,6.872317838171708
86,29.449655322665112,32.777343027693064
87,19.55133474955272,16.199272921259578
88,8.128327603276869,10.62233285324904
89,21.039701453927815,20.264960890361056
90,7.7878599031004,8.263553347121917
91,28.46017425295397,25.72078881675758
92,18.953938471813167,18.27043796903958
93,16.478806591666334,19.514964370420728
94,13.457459387619307,15.066427950611295
95,25.95073853851776,29.46428714349375
96,15.748879201028837,18.55174139672832
97,5.330696934011838,7.030152780956314
98,6.484224280579582,10.996669024119745
99,38.55211125288155,38.59029063946173
100,36.526066246889066,37.52133692349814
101,28.588871084808485,27.5069714327917
102,12.103058535461743,12.644306403578907
103,38.82870233921351,36.352934810992224
104,31.592534350700195,33.18999228927386
105,29.24182718804183,26.187467857787034
106,19.07573708146397,20.843120980709624
107,12.345179350116043,12.30848805609889
108,5.662856561832973,8.956457339369425
109,36.29889106866598,37.135858290441455
110,19.31949901367722,23.358945609816324
111,9.689807862218752,11.813021789612831
112,13.626351717724795,10.486545569401425
113,24.010343619792046,23.662529458426402
114,8.717365751690805,6.703081640397669
115,34.551342795510266,32.68356000252894
116,30.823742133737984,33.60725758025987
117,29.339592326135598,30.27518709380375
118,18.41953551145394,16.960911793008002
119,25.837735946692842,23.315670943189318
120,24.19572281868395,24.058057282077527
121,26.694170859083158,23.683029987490517
122,5.208884203315785,4.471931382877517
123,17.80068128248317,18.597068055771746
124,3.581338606751914,6.9439581558490495
125,20.77165113129172,22.072343813620897
126,14.534726068645842,9.767152846297728
127,7.491919176909782,8.786930021930864
128,5.929312773456962,6.791320995895785
129,24.330493742753056,25.024527683435327
130,8.482532804401671,12.614067463814244
131,37.154564498318294,31.757712064431942
132,24.080323308615007,22.575879607763824
133,15.181052572323809,16.721993853853
134,24.454788676293838,20.752541563680474
135,2.866547099128505,6.9703076498898
136,38.425250103174925,38.31437214595762
137,20.32753060383021,22.173638842494185
138,31.743938635510876,29.900665648387385
139,5.143739997052665,7.676833115125695
140,20.49301657185009,22.81900316643347
141,20.646865785471796,21.126854140499976
142,37.63740528904935,37.271216988534015
143,23.725665990290864,24.13413781719612
144,19.992597240164244,18.09360779572939
145,12.145075197491956,12.21325834108858
146,14.599621899016983,14.534091232670944
147,21.785551293918434,22.539740230800202
148,18.678635491591773,20.944317060214832
149,2.821259035452556,1.3514167033274274
150,33.3990931193856,32.45411859671325
151,36.054109329911135,38.51060606826532
152,7.329465381947209,6.327098009462207
153,23.05337345448388,21.091754743720976
154,6.125878163146854,7.264657877018137
155,27.545123535512843,29.025514777804904
156,12.686883785882316,13.077676918821648
157,27.058060118292268,29.62887041133903
158,29.62579534290154,31.02945233740282
159,31.208604692870967,32.50017860538555
160,6.0941559463240695,8.00850445192087
161,36.8084501152291,41.08886443022903
162,10.748131654005471,10.7593693557999
163,3.4216771346948316,0.0
164,23.084393836876366,26.459533740370254
165,16.09504678677267,15.28335569932902
166,33.5320102390317,33.092746704634784
167,32.71355593844347,34.95888964821445
168,14.051277927263182,10.823743040570388
169,38.210177012650306,34.546044290984284
170,13.054877849324507,9.879322495196803
171,21.572170910805152,19.746462527208962
172,11.726673441568904,13.107540302727845
173,37.56965566186061,37.84438613295567
174,8.25509706811669,9.450145409233674
175,3.7066035369085015,1.4131884154998695
176,18.53368828011544,13.52477630551785
177,39.71027143412181,38.84433575027455
178,35.88373611768673,34.051642037798054
179,30.44710473936407,30.93539820017241
180,35.85011465338395,36.601906898401545
181,35.9509723085188,35.45755484362196
182,21.716617694685063,23.30307959777769
183,14.005303969570134,14.809303794144776
184,31.336472420217547,31.935791151529894
185,27.143128000374922,25.23569042204243
186,16.198993697200983,15.993898901911724
187,5.58973338633758,6.7431541296660065
188,30.37800523126299,31.66426761561816
189,11.973499605068858,11.508594045921356
190,37.59889972028361,37.86552269688008
191,11.15688185021602,11.014192415491385
192,6.664801431636469,7.072968591932758
193,33.582281540746436,34.72810935616207
194,7.824804031730774,4.04883101382509
195,8.812195709994086,6.519346802729906
196,24.77654607779205,21.276910899528243
197,35.23335755182365,29.337734210566193
198,9.464517297153783,8.499109663954705
199,13.792299570203602,15.75143917109445
200,31.541383853164746,30.33756971446484
201,38.92940419031676,38.418072161073
202,21.028165075689007,23.3730353146683
203,7.4681050969475296,11.015609333089074
204,2.529578932911659,3.250996529868569
205,10.7269291399565,14.168471640011347
206,7.0092442758877995,7.8614607106484495
207,27.751029597288586,25.52120202500374
208,6.629635175884182,5.9904726422527546
209,21.240537401584053,17.921330203861814
210,28.381972554429687,26.008979448494166
211,24.08243115039429,23.090672879110826
212,9.59147476308219,11.879788067561002
213,32.55673199492598,35.71458902374485
214,29.185470925400463,25.68539804530095
215,30.081392148790588,30.441542971522882
216,6.980194559177903,5.341988165072432
217,6.702644538713095,8.411845906396485
218,37.24737693824729,36.09661745982193
219,17.107971365347744,13.224579980215786
