round,fedavg_mae_ms,cfl_mae_ms
1,8.448974569578668,7.471808266386669
2,8.250586344571161,7.4336923153710925
3,8.24501909661529,7.260244012176215
4,8.183527781634869,7.136508505440764
5,8.088457932720868,7.106065850630059
6,8.08017533051696,7.099180535752021
7,7.933599819197446,7.0815882926394425
8,7.903565320538631,6.89683067936618
9,7.816818723095401,6.902360014408771
10,7.886873006469304,6.790900194090173
11,7.673366454530671,6.764776097524929
12,7.680335401037022,6.70620554337385
13,7.670165860131355,6.676128391324137
14,7.472318403190985,6.702067357287138
15,7.461556373698574,6.568180340691092
16,7.346665557379709,6.46749575103536
17,7.2351733557498354,6.4043858711697546
18,7.237031660578499,6.370303719535952
19,7.188850954567136,6.282546192499061
20,7.133526181778124,6.279960398777563
21,7.086404344923411,6.099820042856552
22,7.044610816855798,6.157776717661901
23,6.927980021428908,6.110235542801153
24,6.949508221951241,6.007842267703023
25,6.9372861860963875,5.996340125372227
26,6.888423343750134,6.021543527669232
27,6.754726938721273,5.97577320975238
28,6.758841684879011,5.840653844968519
29,6.627070047853554,5.845136671239897
30,6.59147989251432,5.6961952011712516
31,6.576651774914782,5.708971233971836
32,6.488611083742995,5.688474024678999
33,6.391310509237556,5.706925226041174
34,6.445860083387762,5.644349480208544
35,6.312985417513648,5.549766593997952
36,6.279156355728464,5.448830095459045
37,6.3093216697454215,5.51788833228464
38,6.235032578401221,5.388969874908521
39,6.169252713367526,5.384890984623035
40,6.039752408347993,5.3132780690535775
41,6.0083179268436355,5.376405377182704
42,6.040103686074403,5.204126094622185
43,6.005977828931383,5.238717511490012
44,5.941845153477623,5.14729799049338
45,5.860699288306578,5.139219190217737
46,5.814717295148303,5.151338096511949
47,5.806964677101552,4.93010568066419
48,5.690169492974379,4.987480555740735
49,5.7143821253314835,4.906876987934409
50,5.597848578219185,4.935107180405787
51,5.572590225158076,4.9090333297626225
52,5.592507377286408,4.8129907586874445
53,5.571569157223887,4.77285724296178
54,5.518739726661362,4.77198863962932
55,5.405592117022636,4.6613656438265725
56,5.327859070987574,4.705299386315905
57,5.381503363471721,4.611746644905765
58,5.247872866781591,4.653685226602716
59,5.351394943168674,4.515852522128283
60,5.211843640637447,4.518496070983551
61,5.339757268752376,4.474780852203862
62,5.142482107254072,4.463269521159616
63,5.176655558377406,4.513191833092834
64,5.0799918916521,4.453224561456688
65,5.072112105152789,4.353843572777471
66,5.05379812194273,4.321048300040123
67,5.052068849635108,4.356932761797251
68,5.024856971369642,4.222399723849906
69,4.975442446436929,4.249982951757251
70,4.956517770821484,4.187174260205379
71,4.839750866229076,4.177805369566587
72,4.869273565653715,4.196097951163845
73,4.786419384632528,4.091754685212377
74,4.81975520332723,4.143817949736332
75,4.743548031645061,4.1752984336855175
76,4.736450080928464,4.066040035877556
77,4.688016924721833,4.002464447399137
78,4.679803257917771,4.035660131757167
79,4.570074438367281,3.8937979806308416
80,4.500862058694101,3.9970298646885216
81,4.5982315048436675,3.8553547977158207
82,4.585679360353514,3.9737376120228816
83,4.482599110520794,3.8020914438632145
84,4.499227917414467,3.843933891544424
85,4.347797430586409,3.706055148257828
86,4.36908401060826,3.7468371569142063
87,4.375461496094944,3.677258760235176
88,4.256104709760837,3.633186185716672
89,4.238196348020361,3.739828710124984
90,4.294666289735384,3.5927349216062057
91,4.228874733606081,3.5921852886832224
92,4.21450424075174,3.561448356972295
93,4.184488203650078,3.6363626558688797
94,4.113872749140507,3.605863268327035
95,4.140704058039463,3.5943672896192553
96,4.124700692296903,3.4676463223113463
97,4.07033033285702,3.5508165469339557
98,4.048743460891698,3.4202017726853535
99,4.038238513407817,3.3990759721695514
100,4.064310942753962,3.3789756675254887
101,3.9937484586365852,3.3581379396690827
102,3.8775640679783487,3.364292841496736
103,3.8898540165403346,3.304710984480718
104,3.9720587544740207,3.3362620354269716
105,3.867361133017638,3.172497224726355
106,3.8736398687001037,3.292877598982095
107,3.9509784551052594,3.205714573135486
108,3.8632386871245252,3.205679257708723
109,3.7013873617957684,3.1860579084527396
110,3.8584439521208886,3.2448690636508437
111,3.771312529635317,3.2025458181195066
112,3.7601610652152004,3.148857531253262
113,3.735002180751601,3.1014031003036506
114,3.743788456595717,3.156548003874268
115,3.672687476722575,3.187585823505075
116,3.5813745987747807,3.077101550246071
117,3.650630000323314,2.979438911710129
118,3.5445834091255506,3.005264094909796
119,3.6839418366403653,3.0496221412796776
120,3.5546588428996633,2.9809744243226275
121,3.5500453753740016,2.941818341209932
122,3.498908444559883,2.9214791292879454
123,3.5299540431115553,2.9531976272459985
124,3.5162063202218388,2.854135934749733
125,3.4402495458599294,2.911494371178992
126,3.4777366403055225,2.9002346826577763
127,3.4395685360794457,2.856101827030503
128,3.4126854702639697,2.8093818380980284
129,3.3613945784808874,2.8955706239588674
130,3.49637720105337,2.7613136773798477
131,3.4216754749921896,2.8200663302215094
132,3.3810218827346534,2.8314675319641416
133,3.383183551312195,2.786874293564332
134,3.3242962010763755,2.8244509666556117
135,3.274459451754537,2.6902804387529935
136,3.1425800162965243,2.6918287767075366
137,3.1967711829270127,2.6928011340732825
138,3.349137178438305,2.8650484587995955
139,3.2822376198646777,2.710715319966112
140,3.2178595922161315,2.705046515752527
141,3.1125555305779153,2.6880911030791763
142,3.207030635754045,2.6446482887325824
143,3.14541814388808,2.678616918324241
144,3.1784139954674226,2.5182200650200057
145,3.072281450020914,2.6113251311407746
146,3.0879048598100103,2.604777695497109
147,3.14134498926684,2.6203374227896528
148,3.1783273443057625,2.497805269061407
149,3.0340207492629934,2.4878139843719618
150,3.002125190593283,2.477446643427302
151,3.0885684936273474,2.5411204303214414
152,2.9599003962063404,2.5285876514347065
153,2.9491192580615677,2.4411609251576443
154,3.007592138124089,2.5713948828297752
155,3.0845033713586525,2.4771653980087196
156,2.923850911992065,2.4563572672522884
157,2.934019417859964,2.427198758319898
158,2.944433704308039,2.4716695110695626
159,2.9017367882252536,2.432314471429795
160,2.823676348635802,2.495156119976312
161,2.938901205286197,2.3279198401006527
162,2.8950432436019122,2.2994140681759663
163,2.891130833417744,2.327891620953303
164,2.852898427349172,2.380887882754426
165,2.9229725134262345,2.3202638779973266
166,2.809549613390582,2.393788826938778
167,2.7685181121344344,2.299248256285516
168,2.8932799532931286,2.361828735751863
169,2.6880161568133345,2.255119608056811
170,2.7782369479001137,2.344850663153174
171,2.7702570604158705,2.343310766728114
172,2.7565349590206716,2.2358824648020486
173,2.6730553624059867,2.277980866708356
174,2.679839036532961,2.2563807405863847
175,2.775586810683659,2.258432586918274
176,2.785669722096786,2.2865301984846873
177,2.6843707859627344,2.260787786772938
178,2.647653615100547,2.227758309998748
179,2.594013456181788,2.2252362402238526
180,2.7194621927171516,2.118755542684566
181,2.711710030466563,2.1704116051183546
182,2.5105941736892525,2.1077232459136064
183,2.519455211176495,2.1523324629842393
184,2.637118467469752,2.1996229514826235
185,2.6333220489246845,2.1340709189164015
186,2.5859894967106847,1.9998832109273694
187,2.5981576785519396,2.063658802432756
188,2.57749766538142,2.1359852361803826
189,2.581339653522765,2.071002127469344
190,2.525234451991072,2.128270944059886
191,2.5600309971457555,2.01993218892484
192,2.517389783837917,2.090684517495774
193,2.5037869836234177,2.0845927060865734
194,2.438991097503073,2.0939776239106442
195,2.5143196464506152,2.0132982608112653
196,2.5541030842091605,2.0767127941747736
197,2.488628601290491,2.1048027513549212
198,2.478281856638242,1.907678120363605
199,2.549883873468393,2.015821477533165
200,2.5295816943117764,1.9149269063603305
